seiban,fX,fY,prefectures
道北グリーンアスコン　第2工場,142.38438,43.67924,01北海道
さくら佐藤建設（株）　御園プラント,142.4762,42.43142,01北海道
大林道路（株）　函館アスファルト混合所,140.8232,41.77504,01北海道
別海アスコン,145.17949,43.37447,01北海道
鹿島道路（株）　石狩アスコン,141.29936,43.19285,01北海道
植村建設（株）　エルムアスコン,142.03755,43.56808,01北海道
遠軽舗道（株）,143.51283,44.09861,01北海道
河西建設（株）　アスファルトプラント,143.97736,43.92482,01北海道
美幌アスコン共同企業体,144.12756,43.80744,01北海道
共立道路（株）,141.83939,43.02139,01北海道
（株）ガイアート　知内合材工場,140.39908,41.63065,01北海道
南宗谷アスコン,142.36572,45.13618,01北海道
あすなろ道路（株）　標茶工事事務所,144.58861,43.29739,01北海道
三友道路（株）,145.02798,43.59074,01北海道
札幌西アスコン,141.28964,43.10853,01北海道
世紀東急工業（株）　鵡川合材工場,141.89189,42.58472,01北海道
世紀東急工業（株）　豊頃合材工場,143.44337,42.82576,01北海道
大同舗道（株）　奥尻事業所,139.4859,42.09501,01北海道
札幌中央アスコン,141.25647,43.04448,01北海道
苫東アスコン,141.70445,42.65697,01北海道
大成ロテック（株）　門別合材工場,142.23346,42.50196,01北海道
大成ロテック（株）　遠別合材工場,141.79356,44.73249,01北海道
大成ロテック（株）　弟子屈合材工場,144.47195,43.51076,01北海道
（株）玉川組　北海道アスコン,141.53156,42.86285,01北海道
ツバメ工業（株）　八雲事業所　八雲アスファルトプラント,140.26933,42.26817,01北海道
札幌共同アスコン（株）　札幌合材工場,141.41324,43.08615,01北海道
東光舗道（株）　帯広アスコン,143.22917,42.89723,01北海道
（株）道南土木　桧山共同アスコン,140.13927,41.87498,01北海道
きたひろアスコン　合材工場,141.54343,43.00439,01北海道
たるまえアスコン,141.70445,42.65697,01北海道
オーシャンアスコン　道路建設（株）　新冠合材工場,142.31847,42.3884,01北海道
道路建設（株）　旭川工事事務所,142.48303,43.61607,01北海道
道路建設 （株）　網走アスファルト混合所,144.19865,43.94392,01北海道
はくちょうアスコン　道路建設（株）幕別工場,143.38095,42.90679,01北海道
ライラックアスコン共同企業体,141.36992,42.98698,01北海道
洞爺アスコン,140.70473,42.59059,01北海道
知床アスコン,144.68884,43.85254,01北海道
道路工業（株）　帯広合材工場,143.21294,42.98877,01北海道
サッポロアスコン,141.48633,42.95854,01北海道
小樽アスコン,140.94431,43.21875,01北海道
日本道路（株）　函館工場　函館東山アスコン,140.78749,41.82752,01北海道
平原アスコン　合材工場,144.90189,43.43186,01北海道
（株）リサイクルグリーン北海道　江別合材工場,141.50957,43.12946,01北海道
函館アスコン,140.6848,41.83112,01北海道
（株）道北鋪道　道北グリーンアスコン,142.3821,43.68402,01北海道
北海舗道（株）,142.43604,44.40908,01北海道
（株）円輪建設　端野合材工場,144.01901,43.89952,01北海道
（株）リサイクルグリーン北海道　帯広合材工場,143.22917,42.89723,01北海道
陽伸工業（株）　釧路合材工場,144.44252,42.99825,01北海道
陽伸工業（株）　根室グリーンアスコン,145.24478,43.26364,01北海道
東日本冨士新道路（株）　帯広事業所,143.1777,42.81532,01北海道
道央アスコン（株）　滝川合材工場,141.89177,43.59374,01北海道
日高天馬アスコン共同企業体,142.83781,42.15911,01北海道
苫小牧グリーンアスコン（株）,141.76013,42.67771,01北海道
（株）山崎組,142.36073,44.47158,01北海道
北央道路工業（株）　沼田共同アスコン,141.94144,43.80222,01北海道
北央道路工業（株）　更別合材工場,143.24489,42.60642,01北海道
岩見沢共同アスコン　（北央道路工業（株））,141.77037,43.13974,01北海道
稚内アスコン,141.83492,45.29982,else
サロベツアスコン,141.8018,45.07726,01北海道
北都道路（株）　礼文事務所,141.00156,45.39164,01北海道
北洋道路（株）,142.92157,43.04937,01北海道
北見アスコン,143.81758,43.81745,01北海道
共同企業体　エコセンター東札幌,141.52231,43.12326,01北海道
共同企業体　エコプラザ函館　アスファルト合材工場,140.6848,41.83112,01北海道
大雪アスコン　第1プラント,142.41896,43.81836,01北海道
前田道路（株）　帯広合材工場,143.11609,42.93456,01北海道
釧路アスコン,144.32378,43.00915,01北海道
三井住建道路（株）　岩見沢アスコン,141.79565,43.24153,01北海道
岩内アスコン　（三井住建道路（株））,140.52768,42.99686,01北海道
三井住建道路（株）　利尻工場,141.14882,45.18752,01北海道
三井住建道路（株）　オホーツクアスコン,143.3172,44.35839,01北海道
富良野アスコン,142.35988,43.35201,01北海道
留萌アスコン,141.66467,43.95881,01北海道
渡島アスコン　世紀東急工業（株）　函館工場,140.67157,41.92904,01北海道
北有建設（株）　リサイクルロードセンター,141.88208,43.34668,01北海道
（株）早水組,144.2083,43.9539,01北海道
羊蹄アスコン,140.68568,42.78908,01北海道
世紀東急工業（株）　札幌再生合材工場,141.27425,43.10323,01北海道
東工業（株）,144.47694,42.99966,01北海道
北央舗道（株）　中標津アスコン,144.95079,43.53175,01北海道
北工建設（株）　アスファルト合材プラント,139.95956,42.4421,01北海道
苫小牧アスコン共同企業体,141.68777,42.70992,01北海道
北新道路（株）,141.77751,45.10285,01北海道
（株）利尻生コン　利尻合材工場,141.28934,45.16111,01北海道
（株）ホクエー・ミトミ工業（株）　共同プラント,144.50056,43.08972,01北海道
野田建設工業（株）,142.41986,43.8223,01北海道
極東建設（株）　中空知リサイクルセンター,141.88429,43.53983,01北海道
カムイアスコン,142.47845,43.84078,01北海道
丹頂アスコン共同企業体,144.22498,43.00472,01北海道
銀河アスコン,143.55435,43.22281,01北海道
青木建設（株）,143.14992,42.97832,01北海道
（株）ホクエー,143.87329,43.8362,01北海道
釧根開発（株）　中標津,144.9715,43.55519,01北海道
（株）道北鋪道　士別合材工場,142.39362,44.20551,01北海道
東亜道路工業（株）　札幌リサイクル工場,141.41324,43.08615,01北海道
千歳建設（株）　新千歳アスコン,141.67662,42.78717,01北海道
青森アスコン　鹿島道路（株）　青森合材製造所,141.3699,40.88767,02青森県
（株）北斗　弘前アスコン,140.48405,40.64054,02青森県
みちのく八戸中央アスコン共同企業体,141.49722,40.52781,02青森県
上北重車輌（株）,141.27536,40.59084,02青森県
新栄建設（株）,140.81747,40.84436,02青森県
南部中央アスコン共同企業体,141.34735,40.63147,02青森県
共同企業体　十和田アスコン　＊使用不可＊,141.20798,40.58432,02青森県
津軽総合建設 協同組合,140.24849,40.79282,02青森県
（株）協同開発舗装　アスファルト合材工場,140.31775,40.87615,02青森県
（株）伊藤鉱業,140.31775,40.87615,02青森県
日本道路（株）　青森合材センター,140.50218,40.7789,02青森県
東奥アスコン（株）,140.79625,40.773,02青森県
（株）北斗　上北アスファルト共同プラント,141.18777,40.78476,02青森県
青森アステック共同企業体,140.53113,40.68325,02青森県
むつ舗装（株）,141.1951,41.27928,02青森県
青森共同アスコン共同企業体,140.6915,40.81522,02青森県
新産アスコン企業体,141.2662,40.64009,02青森県
共同企業体エコプラザ八戸,141.4239,40.54417,02青森県
岩手アスコン共同企業体,141.09418,39.83904,03岩手県
北岩手アスコン共同企業体,141.214,40.21945,03岩手県
（株）小山建設　アスファルトプラント,141.28989,38.89474,03岩手県
（株）佐々木組　イーストアスコン,141.1044,38.90526,03岩手県
大成ロテック（株）　盛岡合材工場,141.18062,39.60931,03岩手県
共同企業体　盛岡中央アスコン,141.16624,39.73415,03岩手県
東磐アスコン企業体,141.33159,38.98249,03岩手県
水沢アスコン　（株）NIPPO　水沢合材工場,141.15002,39.16814,03岩手県
（株）NIPPO　紫波合材所,141.17484,39.54173,03岩手県
（株）平野組,141.19902,38.93439,03岩手県
共同企業体　久慈中央アスコン,141.73094,40.14604,03岩手県
共同企業体　久慈中央アスコン,141.72842,40.15539,03岩手県
（株）宮古アスコン,141.94394,39.59352,03岩手県
（株）明和土木,141.6707,39.03375,03岩手県
釜石大槌アスコン共同企業体,141.83052,39.37583,03岩手県
前田道路（株）　一関合材工場,141.11201,38.89155,03岩手県
遠野アスコン　（株）NIPPO　遠野合材工場,141.46654,39.3137,03岩手県
前田道路（株）　盛岡合材工場,141.0181,39.69643,03岩手県
北上アスコン　（株）NIPPO　北上合材工場,141.0661,39.26247,03岩手県
八幡平アスコン,141.01344,39.91862,03岩手県
大船渡アスコン共同企業体,141.73772,39.12047,03岩手県
岩手グリーンアスコン（株）,141.08784,39.70594,03岩手県
共同企業体　アスプラザやまびこ,141.12651,39.44439,03岩手県
三陸アスコン,141.83772,39.95503,03岩手県
三陸りあすアスコン共同企業体,141.9185,39.62585,03岩手県
気仙沼アスコン共同企業体,141.53302,38.91339,04宮城県
鹿島道路（株）　河南合材製造所,141.18619,38.48341,04宮城県
仙北アスコン共同企業体,141.01138,38.40805,04宮城県
仙台泉アスコン共同企業体,140.88068,38.35469,04宮城県
仙台中央アスコン共同企業体,140.95528,38.26859,04宮城県
共同企業体　仙台東アスコン,140.95522,38.25612,04宮城県
日建工業（株）,141.31664,38.71437,04宮城県
仙台南アスコン共同企業体,140.92212,38.13043,04宮城県
宮城りんかいアスコン（株）　岩沼工場,140.92842,38.12887,04宮城県
宮城りんかいアスコン（株）　多賀城工場,141.0208,38.28634,04宮城県
共同企業体エコプラザ気仙沼,141.54825,38.88364,04宮城県
共同企業体　みやぎ大崎アスコン,140.92078,38.60815,04宮城県
石巻アスコン（株）,141.27547,38.48151,04宮城県
前田道路（株）　仙台合材工場,140.82857,38.07742,04宮城県
（株）リアスコン,140.78314,38.31957,04宮城県
秋田振興建設（株）,140.44243,39.44494,05秋田県
秋田土建（株）　米内沢工場,140.37283,40.12515,05秋田県
潟上アスコン共同企業体,140.04489,39.85367,05秋田県
大館アスコン共同企業体,140.5538,40.24164,05秋田県
伊藤建設工業（株）　アスファルト合材製造所　＊使用不可＊,140.53508,39.3007,05秋田県
大潟アスコン共同企業体,140.01259,40.06244,05秋田県
大館中央アスコン共同企業体,140.47356,40.27354,05秋田県
佐藤建設（株）　アスファルトプラント工場,140.47356,40.27354,05秋田県
湯沢アスコン共同企業体,140.48042,39.1403,05秋田県
秋田グリーンアスコン（株）　六郷アスコン,140.53372,39.42457,05秋田県
鹿角アスコン協同組合,140.83723,40.25172,05秋田県
（株）塚本商会,140.02228,40.17236,05秋田県
秋田中央アスコン　破砕工場,140.30524,39.61792,05秋田県
秋田アスコン共同企業体,140.06181,39.76858,05秋田県
秋田グリーンアスコン（株）　千秋アスコン,140.05914,39.7657,05秋田県
大文字アスコン　（花岡土建（株））,140.50189,40.24377,05秋田県
北部建設（株）,140.00999,40.17781,05秋田県
前田道路（株）　秋田合材工場,140.0809,39.52889,05秋田県
鳥海マテリアル（株）,140.02824,39.42086,05秋田県
（株）佐藤庫組,140.32541,40.18443,05秋田県
秋田県南アスコン共同企業体,140.43269,39.49786,05秋田県
横手アスコン共同企業体,140.55319,39.34956,05秋田県
白神アスコン共同企業体,140.18639,40.10595,05秋田県
田代アスコン（株）,140.39119,40.3782,05秋田県
大曲舗装（株）,140.45453,39.48803,05秋田県
共同企業体エコプラザ横手,140.53899,39.27677,05秋田県
オイタマアスコン共同企業体,140.14124,37.999,06山形県
庄内アスコン共同企業体,139.82736,38.91236,06山形県
共同企業体　鶴岡アスコン,139.85876,38.69465,06山形県
山形協同アスコン共同企業体,140.40668,38.41793,06山形県
庄内日本海アスコン,139.91798,38.83935,06山形県
共同企業体　アステック庄内,139.8457,38.86551,06山形県
升川建設（株）,140.34264,38.40609,06山形県
山形建設（株）　天童事業所合材工場,140.35402,38.32277,06山形県
山形アスコン共同企業体,140.30988,38.16434,06山形県
万世アスコン（株）　米沢アスコン,140.14256,37.87889,06山形県
大成ロテック（株）　寒河江合材工場,140.31311,38.37379,06山形県
東山アスコン共同企業体,140.01468,38.03007,06山形県
はながさアスコン共同企業体,140.41832,38.57373,06山形県
小国開発（株）　箱の口合材プラント,139.83267,38.04439,06山形県
県南アスコン共同企業体,140.07938,38.05827,06山形県
県北アスコン共同企業体,140.30917,38.74056,06山形県
（株）南会西部建設コーポレーション,139.44017,37.2963,07福島県
郡山アスコン共同企業体,140.29477,37.46736,07福島県
共同企業体　相馬アスコン,140.98146,37.67785,07福島県
福島ふたばアスコン,140.99347,37.2826,07福島県
（株）ガイアート　福島合材工場,140.99043,37.24017,07福島県
福島中央建設（株）　郡山リサイクル工場　＊使用不可＊,140.41971,37.32335,07福島県
共同企業体　いわきアスコン,140.84558,36.9404,07福島県
福島県中央アスコン,140.36066,37.32924,07福島県
共同企業体　若松アスコン,139.91347,37.45597,07福島県
信夫工業（株）　日和田アスファルト混合所,140.39104,37.46132,07福島県
いわき中央アスコン共同企業体　四倉工場,140.96268,37.12618,07福島県
いわき中央アスコン共同企業体,140.88907,37.00358,07福島県
あづまアスコン（株）,140.51648,37.83104,07福島県
会津アスコン（株）　南会津工場,139.85722,37.21717,07福島県
会津アスコン（株）　会津中央アスコン,139.97694,37.53339,07福島県
福島県南アスコン（株）　白河アスコン,140.28914,37.17023,07福島県
福島舗装（株）　合材プラント工場　＊使用不可＊,140.47623,37.81385,07福島県
前田道路（株）　郡山合材工場,140.36906,37.46342,07福島県
共同企業体　福島県北アスコン,140.55597,37.8408,07福島県
前田道路（株）　いわき合材工場,140.87105,36.99805,07福島県
（株）佐藤渡辺　石川合材工場,140.44739,37.15361,07福島県
南総建（株）　建材部,139.50439,37.28065,07福島県
穴澤建設（株）　合材プラント工場,139.87077,37.68471,07福島県
（株）シーズ　棚倉アスファルト合材工場,140.32515,36.998,07福島県
福島舗材センター共同企業体,141.01208,37.54136,07福島県
石田道路（株）　茨城工場　＊使用不可＊,140.0502,36.34932,08茨城県
（株）オカベ,140.58775,36.45024,08茨城県
前田道路（株）・（株）秋山工務店ＪＶ　東海合材工場,140.53653,36.46069,08茨城県
前田道路（株）　つくば製品販売所,140.13788,36.03292,08茨城県
関東道路（株）　川島合材工場,139.9025,36.28883,08茨城県
古河アスコン（株）,139.85202,36.19098,08茨城県
大成ロテック（株）　石岡合材工場,140.28426,36.14837,08茨城県
東京鋪装工業（株）・佐田建設（株）　茨城合材工場,139.95769,36.21582,08茨城県
県央共同アスコン,140.44691,36.31405,08茨城県
県南共同アスコン　茨城工場,140.17969,36.11769,08茨城県
昭和瀝青工業（株）,140.07661,35.96599,08茨城県
東亜道路工業（株）　鹿嶋合材工場,140.6693,35.96449,08茨城県
日本道路（株）・（株）霞工業　茨城合材センター,140.14536,36.14873,08茨城県
（株）いばらき中央アスコン,140.38937,36.2664,08茨城県
（株）NIPPO　筑波合材工場,140.03755,36.04836,08茨城県
日立アスコン（株）,140.718,36.80748,08茨城県
平和建設（株）　本社・水戸瀝青混合所,140.5051,36.3574,08茨城県
平和建設（株）　柴崎瀝青混合所,140.30136,35.90761,08茨城県
前田道路（株）　土浦合材工場,140.17274,36.11466,08茨城県
那珂アスコン　那珂工場,140.46277,36.47969,08茨城県
共同企業体　江戸崎共同アスコン,140.28806,35.97485,08茨城県
光洋建設（株）,139.79553,36.26147,09栃木県
両毛アスコン　世紀東急工業（株）　佐野混合所,139.61867,36.32279,09栃木県
東武道路工業（株）,139.73232,36.66616,09栃木県
栃木合材センター　（日本道路（株））,139.79147,36.50572,09栃木県
栃木共同アスコン（株）　栃木工場,139.79549,36.44719,09栃木県
栃木北アスコン（株）,139.84818,36.76941,09栃木県
（株）浜屋組　アスファルト合材工場,139.9482,36.81739,09栃木県
前田道路（株）　栃木合材工場,139.90012,36.36771,09栃木県
瑞穂瀝青工業（株）,139.92099,36.50302,09栃木県
栃木アスコン,139.81319,36.40462,09栃木県
栃木共同アスコン（株）　宇都宮工場,139.94525,36.57386,09栃木県
磯部建設（株）,139.76299,36.73973,09栃木県
共同企業体　宇都宮アスコン,139.93146,36.57714,09栃木県
栃木県北アスコン（株）,140.08775,36.93916,09栃木県
ナスアスコン（株）,139.95982,36.87992,09栃木県
（有）富士川産業,139.83403,36.32465,09栃木県
日本道路（株）　那須合材センター,139.98761,36.93914,09栃木県
（株）エーエヌエス　足利工場　＊使用不可＊,139.49785,36.34389,09栃木県
（株）NIPPO　ぐんまリサイクル工場　＊使用不可＊,139.11285,36.36828,10群馬県
池原工業（株）　東橋工場,138.83437,36.57635,10群馬県
（株）NIPPO　高崎合材工場,138.91661,36.33192,10群馬県
渋川アスコン（株）,139.03169,36.4659,10群馬県
前田道路（株）　館林合材工場,139.5047,36.23867,10群馬県
前橋アスコン,139.1915,36.37494,10群馬県
ＳＫマテリアル（株）　新町工場,139.09744,36.26785,10群馬県
上武アスコン,139.30402,36.29385,10群馬県
伊勢崎アスコン（株）,139.21722,36.39406,10群馬県
渋川アスコン（株）　嬬恋工場,138.5584,36.46745,10群馬県
前田道路（株）　群馬合材工場,139.14049,36.29354,10群馬県
赤城アスコン,139.08929,36.3507,10群馬県
萬屋建設（株）　上久屋アスファルト合材工場,139.10555,36.66013,10群馬県
（株）ユーディケー　深谷工場,139.29265,36.13678,11埼玉県
（株）ユーディケー　秩父工場,138.97917,35.97176,11埼玉県
小川アスコン　熊谷合材工場,139.42155,36.12059,11埼玉県
鹿島道路（株）　栗橋合材製造所,139.66837,36.10899,11埼玉県
川越アスコン,139.46588,35.9273,11埼玉県
共同企業体川口アスコン　柳崎工場,139.70033,35.85183,11埼玉県
共同企業体　埼玉アスコン,139.47087,35.84988,11埼玉県
共同企業体　川島アスコン,139.50064,35.96181,11埼玉県
浦和アスコン共同企業体,139.71492,35.88132,11埼玉県
大成ロテック（株）　花園合材工場,139.24568,36.11988,11埼玉県
埼京アスコン　第一工場,139.61766,35.80967,11埼玉県
東京鋪装工業（株）　埼玉合材工場,139.86401,35.88661,11埼玉県
三郷共同アスコン,139.88495,35.81258,11埼玉県
共同企業体川口アスコン　新郷工場,139.76045,35.81302,11埼玉県
越谷アスコン（株）,139.80507,35.91683,11埼玉県
日本道路（株）　埼玉アスファルト合材センター,139.52872,35.82123,11埼玉県
戸田アスコン（株）,139.69383,35.8026,11埼玉県
熊谷アスコン（株）,139.41579,36.13841,11埼玉県
大宮アスコン（株）,139.58665,35.91133,11埼玉県
前田道路（株）　朝霞総合合材工場,139.60989,35.81125,11埼玉県
前田道路（株）　北東京合材工場,139.85576,35.85025,11埼玉県
三井住建道路（株）　東松山合材工場,139.41647,36.04189,11埼玉県
朝霞共同アスコン,139.60239,35.82565,11埼玉県
（株）ガイアート　白岡合材工場,139.64888,36.03267,11埼玉県
大林道路（株）　久喜アスファルト混合所,139.63817,36.06745,11埼玉県
大林道路（株）　越谷アスファルト混合所,139.776,35.87238,11埼玉県
東瀝青建設（株）　船橋工場,140.06453,35.70872,12千葉県
鹿島道路（株）　成田合材製造所,140.33939,35.78285,12千葉県
（株）ガイアート　野田合材工場,139.88441,35.97826,12千葉県
共同企業体成田アスコン,140.39526,35.82013,12千葉県
世紀東急工業（株）　佐倉混合所,140.22362,35.69106,12千葉県
トーセキアスコン,140.01076,35.83095,12千葉県
船橋アスコン　前田道路（株）　＊使用不可＊,139.95523,35.69889,12千葉県
前田道路（株）　総武合材工場,140.07686,35.78042,12千葉県
千葉アスコン,140.13806,35.65583,12千葉県
南総共同アスコン,139.90591,35.27262,12千葉県
東総アスコン,140.56876,35.85982,12千葉県
（株）NIPPO　京葉合材工場,139.96738,35.68783,12千葉県
東金アスコン,140.31064,35.57461,12千葉県
前田道路（株）　千葉合材工場,140.13878,35.65785,12千葉県
前田道路（株）　木更津合材工場,139.98936,35.33998,12千葉県
鹿島道路（株）　千葉合材製造所　＊使用不可＊,140.11208,35.55952,12千葉県
千葉りんかいアスコン,140.11761,35.55189,12千葉県
（株）サンドテクノ　市川合材センター,139.93143,35.67315,12千葉県
千葉共同アスコン,140.06128,35.81944,12千葉県
大成ロテック（株）　房総合材工場,140.18961,35.45545,12千葉県
袖ヶ浦アスコン（株）,139.95242,35.44614,12千葉県
太陽建設（株）　ながら合材センター,140.20845,35.4349,12千葉県
（株）竹中道路　東京工場,139.37526,35.68634,13東京都
東瀝青建設（株）　新木場工場,139.83911,35.64355,13東京都
（株）昭和石材工業所　青梅合材工場,139.2606,35.77073,13東京都
砂町アスコン（株）,139.83099,35.65763,13東京都
新東京アスコン,139.88541,35.66848,13東京都
大成ロテック（株）　東京青海合材工場,139.79771,35.60381,13東京都
砂町アスコン（株）　東京合材工場,139.82896,35.65968,13東京都
前田道路（株）　昭島合材工場,139.34344,35.70207,13東京都
共同企業体　墨田アスコン,139.83881,35.71808,13東京都
（株）ガイアート　多摩合材工場,139.32814,35.77246,13東京都
多摩アスコン（株）,139.43768,35.66504,13東京都
（株）アスケン,139.78125,35.75491,13東京都
共同企業体　瑞穂アスコン,139.35255,35.75879,13東京都
前田道路（株）　西東京合材工場,139.35602,35.65235,13東京都
町田共同アスコン,139.46439,35.60843,13東京都
西多摩アスコン,139.21674,35.76409,13東京都
相模県央アスコン,139.39323,35.49987,14神奈川県
共同企業体綾瀬アスコン,139.41624,35.44812,14神奈川県
東亜道路工業（株）　厚木アスコン,139.37207,35.45617,14神奈川県
共同企業体湘南アスコン,139.37331,35.35267,14神奈川県
前田道路（株）　小田原合材工場,139.16002,35.27538,14神奈川県
世紀東急工業（株）　横浜混合所,139.54878,35.52877,14神奈川県
共同企業体　金沢アスコン,139.64084,35.38214,14神奈川県
日本舗材（株）,139.54791,35.51664,14神奈川県
大和アスコン（株）,139.4651,35.49411,14神奈川県
共同企業体　相模原ひばりアスコン,139.33675,35.56103,14神奈川県
前田道路（株）　横浜合材工場,139.58324,35.3385,14神奈川県
共同企業体 相模アスコン,139.48012,35.50018,14神奈川県
京浜リサイクルセンター,139.74348,35.52504,14神奈川県
西湘アスコン（株）,139.15727,35.35267,14神奈川県
川崎アスコン共同企業体　水江工場,139.74823,35.50901,14神奈川県
横浜アスコン共同企業体,139.47307,35.49636,14神奈川県
日本道路（株）　神奈川合材センター,139.48355,35.43509,14神奈川県
平塚アスコン共同企業体,139.29913,35.3683,14神奈川県
横浜ベイアスコン（株）,139.62323,35.40155,14神奈川県
川崎シーサイドアスコン,139.75844,35.53123,14神奈川県
前田道路（株）　東京製品販売所,139.60208,35.61056,14神奈川県
（株）日徳　船津瀝青混合所,138.77925,35.49419,19山梨県
石井工業（株）,138.83449,35.59886,19山梨県
山英建設（株）　大幡瀝青工場,138.83997,35.56566,19山梨県
日東建設（株）　南アルプスアスコン,138.49895,35.62996,19山梨県
南湖共同アスコン,138.48422,35.57178,19山梨県
（株）中村建設　白根工場,138.49844,35.64347,19山梨県
山梨アスコン（株）,138.62288,35.61132,19山梨県
（株）早野組　八田工場,138.47957,35.66921,19山梨県
（株）早野組　身延工場,138.45821,35.39043,19山梨県
丸浜舗道（株）　双葉アスファルト合材工場,138.49237,35.67941,19山梨県
大鴻建設（株）　穴山合材工場　＊使用不可＊,138.41689,35.75767,19山梨県
常盤工業（株）　茅野工場,138.17932,35.97278,20長野県
（株）NIPPO　木曽合材所,137.76794,35.86617,20長野県
塩沢アスコン,138.34911,36.34904,20長野県
世紀東急工業（株）　南木曽合材工場,137.54323,35.60135,20長野県
（株）植木組　柏崎アスファルトプラント,138.55983,37.38262,15新潟県
さくらアスコン共同企業体,138.30328,37.16866,15新潟県
魚沼アスコン,138.9014,37.09068,15新潟県
大野プラント共同企業体,139.01878,37.84217,15新潟県
北川ヒューテック（株）　糸魚川合材所,137.91669,37.05593,15新潟県
佐渡アスコン共同企業体,138.34499,37.98922,15新潟県
上越舗道（株）　津南工場,138.64056,37.00238,15新潟県
大成ロテック（株）　新潟合材工場,139.00784,37.70405,15新潟県
共同企業体　荒川共同アスコン,139.45016,38.13325,15新潟県
長岡アスコン共同企業体,138.81819,37.43302,15新潟県
にいがた舗道（株）,138.412,38.03466,15新潟県
新潟舗材（株）　寺地工場,139.0128,37.88308,15新潟県
新潟舗材（株）　島見工場,139.1949,37.96852,15新潟県
新潟みらい建設（株）　石打アスファルトプラント,138.80348,36.9691,15新潟県
日本道路（株）　新潟合材センター,139.06583,37.72567,15新潟県
日本道路（株）　佐渡混合所,138.25555,38.02155,15新潟県
エイ・エックス（株）　紫竹工場,139.07671,37.9011,15新潟県
エイ・エックス（株）　新潟東工場,139.27939,38.01524,15新潟県
共同企業体　上越舗材,138.28416,37.07972,15新潟県
エイ・エックス（株）　小千谷工場,138.7925,37.36319,15新潟県
共同企業体　アステック長岡,138.80234,37.3924,15新潟県
福田道路（株）　上越合材工場,138.30551,37.1469,15新潟県
（株）北越トラスト,138.84085,37.27126,15新潟県
五泉舗材（株）,139.21674,37.74946,15新潟県
村上舗材（株）,139.49785,38.25153,15新潟県
下越アスコン共同企業体,139.28191,38.02249,15新潟県
共同企業体ほたるアスコン,138.8936,37.66456,15新潟県
共同企業体　阿賀野アスコン,139.20088,37.80349,15新潟県
十日町舗材（株）,138.73152,37.13792,15新潟県
上越アスコン共同企業体,138.22148,36.96222,15新潟県
糸魚川アスコン共同企業体,137.84915,37.03268,15新潟県
共同企業体　直江津アスコン,138.2836,37.19133,15新潟県
石黒工建（株）,136.88704,36.68783,16富山県
協和アスコン（株）,137.03346,36.72897,16富山県
アスカロード（株）,137.18275,36.65379,16富山県
日本海アスコン（株）,137.5554,36.71848,16富山県
東洋道路興業（株） アスファルトプラント,136.90094,36.60033,16富山県
富舗建設（株）　立山合材工場,137.28566,36.68617,16富山県
庄川アスコン（株）　高岡合材工場,137.01595,36.70998,16富山県
北陸アスコン（株）,137.27522,36.72693,16富山県
ほくりくエコン,137.19612,36.66903,16富山県
アルカスコーポレーション（株）　アルカスアスコン,136.97942,36.64338,16富山県
（株）氷見アスコン,136.99434,36.80838,16富山県
（株）クリーンロードみやの,137.47847,36.86003,16富山県
チューリップアスコン（株）　＊使用不可＊,136.99457,36.61008,16富山県
日本道路（株）　富山合材センター,137.12569,36.74351,16富山県
（株）金沢舗道　港工場,136.60999,36.62321,17石川県
北川ヒューテック（株）　手取合材所,136.51016,36.46886,17石川県
盛進工業（株）　深江工場,136.79836,36.90339,17石川県
（株）太陽アスコン,136.48207,36.42508,17石川県
大同開発（株）　川北工場,136.56535,36.46799,17石川県
辰村道路（株）　津幡合材工場,136.75632,36.6563,17石川県
（株）グリーンテック　珠洲合材工場,137.19646,37.45349,17石川県
七尾アスコン共同企業体,136.91983,37.02317,17石川県
吉田道路（株） アスファルト合材工場,136.99374,37.05076,17石川県
能登アスコン（株）,136.91248,37.23087,17石川県
大同開発（株）　能登工場,136.93492,37.29234,17石川県
加賀アスコン（株）　朝日工場,136.54228,36.46863,17石川県
金沢アスコン,136.64751,36.63688,17石川県
（株）カンチ　岐阜アスコン,136.69873,35.40397,21岐阜県
（株）カンチ　中濃アスコン,136.93564,35.5784,21岐阜県
（株）カンチ　高山アスコン,137.224,36.1388,21岐阜県
鹿島道路（株）　岐阜アスコン,136.89684,35.41094,21岐阜県
岐建（株）　大垣アスファルト合材工場,136.57765,35.37383,21岐阜県
東亜道路工業（株）　木曽川アスコン,136.86784,35.37675,21岐阜県
（株）佐竹組　養老事業所,136.52467,35.33694,21岐阜県
（株）佐藤渡辺　南飛アスコン,137.19115,35.90817,21岐阜県
西濃建設（株）西濃アスコン大野センター,136.59616,35.4604,21岐阜県
セントラル建設（株）　恵那アスコンセンター,137.3725,35.4474,21岐阜県
ＴＳＵＣＨＩＹＡ（株）　リサイクルセンター,136.59955,35.24056,21岐阜県
東京鋪装工業（株）　飛騨合材工場,137.16458,36.28212,21岐阜県
日本道路（株）　関合材センター,136.86223,35.49416,21岐阜県
東濃アスコン（株）　本社工場,136.98041,35.42894,21岐阜県
（株）リサイクル濃飛　神岡営業所,137.26025,36.27617,21岐阜県
（株）リサイクル濃飛　本社工場,136.89177,35.83135,21岐阜県
福田道路（株）　多治見合材工場,137.06325,35.33868,21岐阜県
前田道路（株）　岐阜合材工場,136.74831,35.3454,21岐阜県
杉山建設（株）　アスコンセンター,136.65022,35.46448,21岐阜県
飛騨アスコン,137.28871,36.09298,21岐阜県
日章産業（株）　多治見合材工場,137.06909,35.34105,21岐阜県
世紀東急工業（株）　多治見合材工場,137.08951,35.33154,21岐阜県
（株）大三建設　八戸アスコン,141.43886,40.54143,02青森県
日本道路（株）　静岡合材センター,138.64612,35.12601,22静岡県
（株）リサイクル芝川,138.54912,35.2142,22静岡県
花菱建設（株）　松崎工場,138.79874,34.76051,22静岡県
前田道路（株）　富士合材工場,138.71489,35.14763,22静岡県
浜松中央アスコン　前田工場,137.80873,34.75362,22静岡県
共同企業体　静岡つばさアスコン　合材工場,138.28645,34.90392,22静岡県
丸三工業（株）　下田アスファルトプラント,138.93404,34.68124,22静岡県
浜岡アスコン共同企業体,138.16072,34.65317,22静岡県
（株）海野建設,139.08345,34.92998,22静岡県
大林道路（株）　静岡アスファルト混合所,138.39037,35.01842,22静岡県
世紀東急工業（株）　美濃加茂合材工場,137.0661,35.44783,21岐阜県
共同企業体　協和アスコン,137.69658,34.80364,22静岡県
山旺建設工業（株）,138.88692,35.09661,22静岡県
昭和舗道（株）,138.95247,35.00731,22静岡県
菅原建設（株）　アスファルトプラント工場,139.08929,35.02336,22静岡県
共同企業体　静岡つばさアスコン　＊使用不可＊,138.29739,34.92076,22静岡県
西部合材リサイクルセンター協同組合,137.67619,34.75172,22静岡県
セイエン商事（株）　木内アスコン藤枝工場,138.26984,34.86318,22静岡県
大有建設（株）　東部リサイクル センター,138.88074,35.17978,22静岡県
天竜川砂利プラント（協）　アスファルト合材工場,137.81754,34.79202,22静岡県
ＴＯＲＥＫＩ・ＮＩＰＰＯ　ＪＶ,138.38553,34.93409,22静岡県
磐田瀝青舗材共同企業体,137.86902,34.74217,22静岡県
西遠アスコン　（大林道路（株））,137.72694,34.82289,22静岡県
共同企業体　静岡リサイクルセンター,138.13261,34.84382,22静岡県
中遠アスコン（株）,137.98993,34.75623,22静岡県
湖西アスコン共同企業体,137.49184,34.69374,22静岡県
（株）リサイクル御殿場,138.90897,35.26958,22静岡県
（共）掛川アスコン,138.05019,34.74995,22静岡県
（株）加藤工務店　穴田工場,137.10133,35.24779,23愛知県
蒲郡アスコン（株）,137.20828,34.81593,23愛知県
岐建（株）　大府アスファルト合材工場,136.97896,35.03405,23愛知県
中部アスコン,137.05757,35.31774,23愛知県
岡崎アスコン,137.20116,35.00213,23愛知県
名古屋中央アスコン,136.90105,35.08327,23愛知県
鹿島道路（株）　知立リサイクルセンター,137.0488,35.01337,23愛知県
第一アスコン協同組合　岡崎工場,137.1198,34.9315,23愛知県
（株）太啓　豊田合材工場,137.20044,35.13417,23愛知県
大成ロテック（株）　小牧合材工場,136.89897,35.27308,23愛知県
大有建設（株）　大江合材センター,136.91112,35.09191,23愛知県
大有建設（株）　猿投工場,137.18056,35.1704,23愛知県
エーシートヨアケ,137.0042,35.03531,23愛知県
愛知西部アスコン,136.81662,35.06707,23愛知県
東海アスコン（株）　石巻工場,137.46414,34.82771,23愛知県
大有建設（株）　東海工場,136.88866,35.05961,23愛知県
春日井アスコン（株）,136.97408,35.22212,23愛知県
知多舗材（株）　知多合材工場,136.96664,34.99981,23愛知県
豊田アスコン（株）,137.1729,35.15994,23愛知県
（株）アスレック,137.43488,34.79792,23愛知県
（株）服部組　名四センター,136.85867,35.10046,23愛知県
名四アスコン　福田道路（株）,136.82214,35.07491,23愛知県
福田道路（株）　設楽アスコン,137.57317,35.07402,23愛知県
愛豊アスコン,137.36348,34.76662,23愛知県
石橋建設興業（株）　舗装事業部,136.98161,34.89823,23愛知県
前田道路（株）　名古屋合材工場,137.1129,35.13072,23愛知県
前田道路（株）　西名古屋合材工場,136.77174,35.07822,23愛知県
三河アスコン協同組合,137.09171,34.84076,23愛知県
ヤハギ道路（株）　アスコン・リサイクルセンター,137.19608,35.1393,23愛知県
（株）佐藤渡辺　幸田合材工場,137.17087,34.85402,23愛知県
三河舗材（株）　寺津工場,137.00836,34.8413,23愛知県
（株）佐藤渡辺　小牧アスコン,136.95158,35.28523,23愛知県
前田道路（株）　衣浦合材工場,136.96864,34.92767,23愛知県
豊川共同アスコン,137.36505,34.83099,23愛知県
岡崎舗材（株）,137.21379,34.92312,23愛知県
（株）アステック　四日市合材センター,136.56474,34.95243,24三重県
（株）アステック　伊賀上野合材センター,136.21342,34.81793,24三重県
三重中央アスコン共同企業体,136.42615,34.81845,24三重県
日本道路（株）　志摩混合所,136.81035,34.35645,24三重県
（株）リサイクル中部　北勢営業所,136.60341,35.06257,24三重県
大有建設（株）　名古屋西工場,136.8826,35.12003,23愛知県
（株）NIPPO　尾鷲合材所,136.19147,34.15527,24三重県
三重舗材（株）　本社工場,136.53313,34.85188,24三重県
松阪合材センター,136.55891,34.56595,24三重県
桑名アスコン,136.67073,35.05074,24三重県
松阪興産（株）　佐奈工場,136.52287,34.46569,24三重県
（株）三石組,136.11183,33.91286,24三重県
松阪興産（株）　伊勢合材センター,136.73534,34.52027,24三重県
（株）昭建　三重アスコン工場,136.51781,34.97649,24三重県
山一建設（株）　アスコン工場,136.75816,35.25415,23愛知県
（株）藤和アスコン,137.10602,35.06665,23愛知県
伊賀アスコン,136.08049,34.70101,24三重県
（有）出馬重機,136.87265,34.3162,24三重県
大林道路（株）　機械センター,139.63817,36.06745,11埼玉県
岐建（株）　敦賀アスファルト合材工場,136.09645,35.65121,18福井県
（株）ガイアート　福井合材工場,136.24785,36.12247,18福井県
（株）土本組,136.54456,35.9173,18福井県
日広開発（株）,136.20087,36.03465,18福井県
南越アスコン（株）,136.15372,35.87558,18福井県
（株）福井舗材,136.23889,36.10489,18福井県
共同企業体　嶺北アスコン,136.23889,36.10489,18福井県
（株）道端組,136.25212,36.03108,18福井県
嶺南舗装合材協同組合　嶺南アスコン,135.7937,35.5003,18福井県
丹南アスコン,136.19905,35.98194,18福井県
（株）桑原組　若狭アスコン,135.89931,35.47775,18福井県
岐建（株）　滋賀アスファルト合材工場,136.28752,35.28097,25滋賀県
倉田建設（株）　野洲川工場,136.2247,34.94811,25滋賀県
（株）桑原組　桑原アスコン,136.03316,35.33776,25滋賀県
（株）丹羽由砕石　大津事業所,135.87883,34.92822,25滋賀県
（株）丹羽由砕石　大津事業所,135.87883,34.92822,25滋賀県
（株）昭建　長浜アスコン工場,136.31473,35.38441,25滋賀県
共同企業体　滋賀アスコン,136.00307,35.06708,25滋賀県
（株）明豊建設,136.28015,35.28175,25滋賀県
（株）湖東アスコン,136.22871,35.11321,25滋賀県
（株）ステップ　アスコン事業所,136.17148,35.51497,25滋賀県
大成ロテック（株）　福知山合材工場,135.10059,35.33065,26京都府
（株）プレミックアス　福知山工場,135.12741,35.36703,26京都府
（株）NIPPO　京都合材工場,135.70518,34.91298,26京都府
前田道路（株）　淀合材工場,135.70627,34.9115,26京都府
明清建設工業（株）,135.71338,34.92132,26京都府
光アスコン（株）　アスコンセンター,135.74582,34.92128,26京都府
玉井建設（株）　宇治合材所,135.78596,34.91189,26京都府
共同企業体　門真アスコン,135.61455,34.7383,27大阪府
奥村組土木興業（株）　堺合材所,135.45441,34.57943,27大阪府
鹿島道路（株）　泉大津合材製造所,135.40869,34.48618,27大阪府
北川ヒューテック（株）　門真合材所,135.58771,34.72869,27大阪府
木下工業（株）　堺アスコン工場,135.53168,34.55534,27大阪府
協和道路（株）　なにわアスコン,135.58997,34.72554,27大阪府
（株）ガイアート　摂津合材工場,135.58134,34.78304,27大阪府
（株）ガイアート　和泉合材工場,135.49666,34.43063,27大阪府
（株）昭建　大阪アスコン工場,135.56541,34.7902,27大阪府
（株）エコセンター大阪　大阪中央合材工場,135.60304,34.76904,27大阪府
大阪アスコン,135.6286,34.81768,27大阪府
常盤工業（株）　堺工場,135.53688,34.47219,27大阪府
（株）エコセンター大阪　大阪合材工場,135.45386,34.87063,27大阪府
前田道路（株）　泉北合材工場,135.4138,34.51918,27大阪府
（株）エコセンター大阪　羽曳野合材工場,135.62149,34.55503,27大阪府
名神工業（株）,135.46379,34.75372,27大阪府
前田道路（株）　寝屋川合材工場,135.62602,34.74754,27大阪府
（株）北港ロード　北港アスファルト混合所,135.42215,34.66898,27大阪府
東京鋪装工業（株）　枚方アスコン,135.68497,34.80698,27大阪府
大成ロテック（株）　岸和田合材工場,135.3671,34.47681,27大阪府
淀川アスコン共同企業体,135.42982,34.69643,27大阪府
大林道路（株）　大正アスファルト混合所,135.47578,34.63535,27大阪府
星陽開発（株）　国分合材所,135.65866,34.56725,27大阪府
大林道路（株）　東条アスファルト混合所,135.02666,34.89428,28兵庫県
神戸かるもアスコン,135.15918,34.64949,28兵庫県
片岡建材建設（株）　小野合材所,134.95157,34.81839,28兵庫県
三協建設（株）　プラント部,134.71832,34.77548,28兵庫県
住徳建設（株）　アスファルトプラント,134.67841,34.78442,28兵庫県
せいしんアスコン,135.0002,34.74237,28兵庫県
伊丹アスコン　（東亜道路工業（株）　伊丹合材）,135.42253,34.79269,28兵庫県
中谷建材（株）　天川工場,134.76515,34.76504,28兵庫県
（株）阪神アスコン　宝塚工場,135.33873,34.83559,28兵庫県
（株）平野組　アスファルト合材所,134.64668,34.82519,28兵庫県
前田道路（株）　姫路合材工場,134.65082,34.79513,28兵庫県
前田道路（株）　神戸合材工場,135.08421,34.7039,28兵庫県
前田道路（株）　宝塚合材工場,135.33873,34.83559,28兵庫県
淡路アスファルト工業（株）,134.90874,34.4278,28兵庫県
苅田建設工業（株）　武庫川合材工場,135.37146,34.68259,28兵庫県
（株）川嶋建設　アスリック,134.82634,35.50527,28兵庫県
（株）森長組　津名アスファルトプラント,134.90874,34.4278,28兵庫県
山陰道路（株）　久谷合材所,134.59467,35.47337,28兵庫県
共同企業体　姫路アスコン,134.62329,34.82484,28兵庫県
（株）金下工務店　南瀝青工場,134.80957,35.27641,28兵庫県
鹿島道路（株）　神戸合材製造所,135.25674,34.70702,28兵庫県
（株）しらさぎアスコン,134.65121,34.78494,28兵庫県
（株）イガキ　西兵庫アスコン,134.54338,34.99208,28兵庫県
トウレキ合材工場,134.9772,34.87486,28兵庫県
（株）阪神アスコン　尼崎工場,135.40401,34.70907,28兵庫県
（株）NIPPO　神戸合材工場,135.06381,34.72979,28兵庫県
（株）新生興業　加西工場,134.83348,34.91182,28兵庫県
（株）ガイアート　奈良合材工場,135.77025,34.6144,29奈良県
日本道路（株）　奈良中央アスコン,135.75279,34.50968,29奈良県
村本道路（株）　橿原合材センター,135.76784,34.50824,29奈良県
奈良県アスコン協同組合,135.7708,34.60295,29奈良県
淺川道路（株）　日置川合材製造所,135.4344,33.57576,30和歌山県
南海物産（株）　アスファルトプラント,135.93243,33.73382,30和歌山県
Ｓ＆Ｓ共同企業体　大浦アスコン,135.15984,34.19585,30和歌山県
前田道路（株）　和歌山合材工場,135.13985,34.26996,30和歌山県
風吹鹿島共同アスコン,135.31863,34.30726,30和歌山県
昭和瀝青工業（株）　風吹プラント,135.31863,34.30726,30和歌山県
（株）中井組　田辺プラント,135.41486,33.74731,30和歌山県
（株）中井組　由良プラント,135.11572,33.96731,30和歌山県
鹿島道路（株）・南海砂利（株）　橋本合材製造所,135.57364,34.29752,30和歌山県
永瀬産業（株）　米子工場,133.2583,35.48355,31鳥取県
永瀬産業（株）　日野工場,133.41786,35.22136,31鳥取県
こおげ建設（株）　クリーンアスコン,134.25804,35.40258,31鳥取県
大成ロテック（株）　鳥取合材工場,134.19278,35.51826,31鳥取県
中部舗装（株）,133.81119,35.49002,31鳥取県
鳥取アスコン（株）,134.19937,35.49145,31鳥取県
米子舗材（株）,133.37297,35.41574,31鳥取県
倉吉アスコン（株）,133.82048,35.44754,31鳥取県
共同アスコン,134.20097,35.52089,31鳥取県
カネックス（株）,133.26012,35.48359,31鳥取県
島根宇部アスファルト合材（株）,133.13545,35.45112,32島根県
（株）西日本土地改良　浜田リサイクルプラント,132.11827,34.88252,32島根県
今井産業（株）　川本リサイクルプラント,132.47905,34.95821,32島根県
東亜道路工業（株）　島根合材工場,133.05093,35.15856,32島根県
中国道路（株）,131.89819,34.66679,32島根県
（株）ナカサン　アスコン工場,132.71559,35.34025,32島根県
日本道路（株）・パブリックロード（株）大田合材センター,132.50789,35.20812,32島根県
日本道路（株）・パブリックロード（株）浜田合材センター,132.13292,34.89455,32島根県
山陰アスコン（株）　大田工場,132.4527,35.19653,32島根県
（株）くにびきアスコン,132.89058,35.40165,32島根県
前田道路（株）　赤名合材工場,132.71661,35.01141,32島根県
前田道路（株）　出雲合材工場,132.81934,35.36346,32島根県
山建プラント（株）,132.64195,35.28773,32島根県
前田道路（株）　浜田合材工場　＊使用不可＊,131.97223,34.81213,32島根県
山陰アスコン（株）　益田工場,131.78889,34.64376,32島根県
（株）吉崎工務店,133.31303,36.22257,32島根県
（有）山下土木工事所,133.02936,36.09886,32島根県
共同企業体　島根アスコン,133.11548,35.4197,32島根県
飯古建設（有）,133.07614,36.09903,32島根県
（株）タキモト建設,133.26578,36.23574,32島根県
備前アスコン,134.19125,34.73256,33岡山県
岡山アスコン（株）　西岡山工場,133.84253,34.6143,33岡山県
岡山アスコン（株）　東岡山工場,134.0833,34.71828,33岡山県
（株）ガイアート　新見合材工場,133.52203,34.89471,33岡山県
総社アスコン,133.72714,34.67294,33岡山県
倉敷アスコン,133.78171,34.56047,33岡山県
大成ロテック（株）　津山合材工場,133.91351,35.03337,33岡山県
吉備アスコン　東亜道路工業（株）,133.80907,34.66688,33岡山県
（株）西山組　西山組合材所,134.08379,34.93314,33岡山県
日本道路（株）　岡山中央合材センター,133.89906,34.92448,33岡山県
日本道路（株）　岡山合材センター,133.87189,34.63523,33岡山県
岡山アスコン（株）　倉敷工場,133.75424,34.50956,33岡山県
井笠アスコン（株）,133.48079,34.50796,33岡山県
ニューロード（株）　久米工場,133.9458,35.03579,33岡山県
ニューロード（株）　高梁工場,133.58336,34.83816,33岡山県
前田道路（株）　倉敷合材工場,133.72469,34.55721,33岡山県
（株）まつもとコーポレーション　美作合材所,134.17126,35.00309,33岡山県
新見アスコン,133.48656,35.01633,33岡山県
（株）吉田組　岡山合材所,133.86621,34.64286,33岡山県
真庭アスコン,133.69077,35.10732,33岡山県
共同企業体　広島瀬野川アスコン,132.64059,34.46284,34広島県
大成ロテック（株）　広島合材工場,132.56262,34.55331,34広島県
日本道路（株）　尾道合材センター,133.22653,34.43686,34広島県
広島舗材（株）,132.39964,34.47632,34広島県
安芸アスコン（株）　瀬野川合材工場,132.64366,34.42661,34広島県
広島中央アスコン（株）　三次合材工場,132.82285,34.75475,34広島県
備後アスコン（株）　福山工場,133.44691,34.48587,34広島県
安芸アスコン（株）　安芸津合材工場,132.78458,34.28143,34広島県
広島中央アスコン（株）　上下合材工場　＊使用不可＊,133.14571,34.70383,34広島県
前田道路（株）　広島合材工場,132.36806,34.35144,34広島県
前田道路（株）　福山合材工場,133.22229,34.49936,34広島県
前田道路（株）　加茂合材工場,133.34273,34.5985,34広島県
前田道路（株）　東城合材工場,133.28432,34.8681,34広島県
前田道路（株）　東広島合材工場,132.8085,34.4007,34広島県
広島中央アスコン（株）　三原工場,133.15158,34.39365,34広島県
大林道路（株）　福山アスファルト混合所　＊使用不可＊,133.41876,34.434,34広島県
広島アスコン共同企業体,132.58461,34.33578,34広島県
共同企業体　千代田アスコン,132.57422,34.68058,34広島県
日本道路（株）　広島中央合材センター,132.38408,34.52207,34広島県
大林道路（株）　広島アスファルト混合所,132.36806,34.35144,34広島県
船木アスコン,131.216,34.07287,35山口県
下松アスコン,131.84688,34.01268,35山口県
下関工業（株）　豊田アスコン,131.07184,34.1917,35山口県
（株）サルビアアスコン,131.203,34.04314,35山口県
共同企業体　防府アスコン,131.49969,34.09489,35山口県
日東建設工業（株）,131.84688,34.01268,35山口県
日本道路（株）　山口合材センター,131.36984,34.08594,35山口県
（株）スキル　周南アスコン,131.94743,34.03321,35山口県
（株）山陽アスコン,130.9521,34.02068,35山口県
アスミック山口（株）,131.51634,34.14671,35山口県
日立建設（株）　宇部瀝青工場,131.2962,34.04434,35山口県
日立建設（株）　東山口アスコン,132.09346,34.00244,35山口県
共同企業体　岩国アスコン,132.1106,34.16404,35山口県
共同企業体　下関アスコン,131.01607,34.01906,35山口県
美祢アスコン,131.2917,34.20228,35山口県
徳山アスコン　洋林建設（株）大林道路（株）JV,131.81412,34.01049,35山口県
山口北部アスコン（株）,131.47711,34.44828,35山口県
共同企業体北岡アスコン　脇町工場,134.16884,34.09421,36徳島県
阿讃アスコン,134.35298,34.09532,36徳島県
（株）エース,134.57524,34.03751,36徳島県
（株）ガイアート　徳島合材工場　不動アスコン,134.50261,34.08662,36徳島県
共同企業体　四国アスコン,134.03911,34.07794,36徳島県
八木建設（株）　津乃峰混合所,134.64142,33.88943,36徳島県
阿波アスコン,134.25183,34.13972,36徳島県
大東興業（株）　大東アスコン合材混合所,134.59697,34.11787,36徳島県
大成ロテック（株）　池田アスコン,133.77376,34.03027,36徳島県
香川舗道（株）,134.25056,34.47483,37香川県
亀山建設（株）　合材工場,133.80266,34.30827,37香川県
（株）ガイアート　香川合材工場,133.77008,34.09709,37香川県
大協土木（株）　牟礼合材センター　＊使用不可＊,134.13045,34.32626,37香川県
香川アスコン共同企業体,133.92804,34.2944,37香川県
（株）瀬戸アスコン　高松工場,134.13045,34.32626,37香川県
前田道路（株）　香川合材工場,133.84787,34.32759,37香川県
大林道路（株）　香川アスファルト混合所,134.06441,34.20955,37香川県
（株）瀬戸アスコン　坂出工場,133.85783,34.33022,37香川県
宇和島道路舗装（株）　寄松アスファルト混合所,132.54965,33.20089,38愛媛県
愛媛舗道（株）　菅田事業所,132.57646,33.48288,38愛媛県
宇和アスコン　鹿島道路（株）　＊使用不可＊,132.50204,33.41661,38愛媛県
ひうちアスコン（株）　今治工場,132.92786,34.03329,38愛媛県
協和アスコン（株）,132.88013,33.77779,38愛媛県
協和道路（株）　南予営業所,132.53406,33.35144,38愛媛県
（株）愛亀　松山アスファルトプラント,132.7132,33.80608,38愛媛県
西いよアスコン　共同企業体,132.50716,33.47819,38愛媛県
（株）愛亀　一本松アスファルトプラント,132.60866,32.95285,38愛媛県
三星道路（株）　アスファルト合材工場,133.5258,33.97401,38愛媛県
愛媛アスコン,133.11191,33.88733,38愛媛県
今治アスコン共同企業体,132.90457,34.0649,38愛媛県
ひうちアスコン（株）　西条工場,133.21495,33.93922,38愛媛県
（株）西田興産　大洲アスコン工場,132.57672,33.53251,38愛媛県
東予アスコン共同企業体,133.12093,33.92557,38愛媛県
松山中央アスコン共同企業体,132.77434,33.98537,38愛媛県
（株）愛亀　美川アスファルトプラント,132.93723,33.60982,38愛媛県
高知りょうまアスコン,133.48032,33.51628,39高知県
（株）山豊　アスファルト合材工場,133.94269,33.46453,39高知県
中村アスコン　鹿島道路（株）　中村合材,132.90833,32.98269,39高知県
（有）シミズ産業　宿毛プラント,132.76585,32.94392,39高知県
（有）シミズ産業　東部アスファルト混合所,134.03856,33.44849,39高知県
（株）杉本中央混合所,133.59517,33.57187,39高知県
大旺新洋（株）　四万十合材センター,133.11601,33.21016,39高知県
大旺新洋（株）　清水事業所　＊使用不可＊,132.97054,32.79374,39高知県
大旺新洋（株）　宿毛プラント,132.72346,32.91336,39高知県
土佐アスコン共同企業体,133.36885,33.51559,39高知県
日本道路（株）　北川混合所,133.01968,33.383,39高知県
（株）南四国アスコン　高知工場,133.61955,33.54878,39高知県
（株）南四国アスコン　中村工場,132.86465,33.00929,39高知県
みたに産業（株）　中央荒倉プラント,133.46785,33.51585,39高知県
大旺新洋（株）　高知合材センター,133.50725,33.59029,39高知県
（株）古賀組　朝倉工場,130.70193,33.38201,40福岡県
興和道路（株）　福岡工場,130.47258,33.55869,40福岡県
興和道路（株）　飯塚工場,130.69478,33.67442,40福岡県
三共建設（株）　本社・合材工場,130.76517,33.8665,40福岡県
瀬口舗道（株）　山川プラント工場,130.50269,33.13829,40福岡県
玄海アスコン,130.45663,33.71724,40福岡県
筑豊舗道（株）　小竹工場,130.71758,33.71021,40福岡県
東亜道路工業（株）　福岡アスコン,130.60358,33.45464,40福岡県
日本道路（株）　福岡合材センター,130.60193,33.82135,40福岡県
（株）NIPPO　福岡合材工場,130.53833,33.55739,40福岡県
（株）新門司アスコン　北九州合材工場,130.98805,33.85837,40福岡県
（株）フェアロード　八女合材工場,130.52411,33.22658,40福岡県
福岡中央アスコン（株）　前原合材工場,130.19254,33.53082,40福岡県
世紀東急工業（株）　福岡混合所,130.50233,33.562,40福岡県
前田道路（株）　北九州合材工場,130.85768,33.89806,40福岡県
前田道路（株）　福岡東合材工場,130.40523,33.61458,40福岡県
前田道路（株）　福岡合材工場,130.48413,33.53839,40福岡県
前田道路（株）　八女合材工場,130.53197,33.25613,40福岡県
三井住建道路（株）　大牟田合材工場,130.43304,33.04774,40福岡県
日本道路（株）　西福岡合材センター,130.24249,33.59641,40福岡県
平成道路（有）,131.00253,33.74364,40福岡県
岡本土木（株）　小倉アスファルトセンター　＊使用不可＊,130.93436,33.84132,40福岡県
松山建設（株）　豊前合材工場,131.11017,33.61966,40福岡県
久留米アスコン（株）,130.59525,33.31983,40福岡県
（株）フェアロード　遠賀合材工場,130.68121,33.88433,40福岡県
鹿島道路（株）　篠栗リサイクルセンター,130.58643,33.61041,40福岡県
松尾建設（株）　神埼合材工場,130.37631,33.35402,41佐賀県
大成ロテック（株）　佐賀合材工場,130.11917,33.27152,41佐賀県
伊万里アスコン,129.85106,33.27108,41佐賀県
（株）中野建設　佐賀合材工場,130.26421,33.24298,41佐賀県
（株）中野建設　鹿島合材工場,130.10085,33.12173,41佐賀県
（株）トーアス　佐賀工場,130.09116,33.26072,41佐賀県
（株）トーアス　本社　唐津工場,129.92229,33.49273,41佐賀県
松尾建設（株）　多久合材工場,130.10703,33.27142,41佐賀県
大林道路（株）　北部アスファルト混合所,130.53896,33.4178,41佐賀県
鹿島道路（株）　長崎県央アスコン,130.0119,32.81706,42長崎県
（株）創栄建設　アスファルトプラント,129.72015,33.78143,42長崎県
合同建設（株）　プラント工場,128.72873,32.68362,42長崎県
小島建設（株）　共同合材工場,130.28079,32.86447,42長崎県
五島技研工業（株）,128.82944,32.68675,42長崎県
西部道路（株）　有福合材プラント,129.79123,33.12508,42長崎県
西部道路（株）　対馬合材プラント,129.44087,34.67287,42長崎県
（株）共栄　アスファルトプラント,129.71809,33.80697,42長崎県
（株）長崎日鋪　長崎合材工場,129.7592,32.83441,42長崎県
日本道路（株）　長崎合材センター,129.93219,32.9477,42長崎県
星野建設（株）　アスファルトプラント工場,129.29601,34.45816,42長崎県
前田道路（株）　長崎合材工場,130.04358,32.82742,42長崎県
（株）山口組　棚方プラント,129.65381,33.20273,42長崎県
吉川建設（株）　プラント工場,130.04195,32.82085,42長崎県
長星開発（株）　福田合材工場,129.81909,32.75315,42長崎県
天草アスファルト合材販売（株）,130.23511,32.44936,43熊本県
宇城共同アスコン（株）,130.69408,32.66375,43熊本県
大林道路（株）　熊本アスファルト混合所,130.77956,32.84484,43熊本県
鹿島道路（株）　熊本合材製作所,130.75864,32.73135,43熊本県
植木アスコン,130.70123,32.91045,43熊本県
（株）中山建設　プラント,130.6205,32.49456,43熊本県
世紀東急工業（株）　 山都合材工場,131.07147,32.67176,43熊本県
大成ロテック（株）　阿蘇合材工場,131.12283,33.11632,43熊本県
大成ロテック（株）　熊本合材工場,130.804,32.86297,43熊本県
東亜道路工業（株）熊本中央アスコン,130.82756,32.8354,43熊本県
（株）アセフト,130.12994,32.42768,43熊本県
火の国アスコン　（日本道路　熊本合材）,130.91513,32.87653,43熊本県
熊本舗材（株）　熊本城北共同プラント,130.69885,32.91772,43熊本県
（株）人吉ロード　人吉・球磨共同企業体プラント,130.79327,32.17982,43熊本県
（株）FKGコーポレーション,130.62105,32.54245,43熊本県
前田道路（株）　熊本合材工場,130.77748,32.82999,43熊本県
三井住建道路（株）　人吉レキセイ,130.79726,32.2191,43熊本県
三井住建道路（株）　松橋合材工場,130.69751,32.66385,43熊本県
八代アスファルト合材販売（株）,130.62927,32.48674,43熊本県
有明アスコン（株）,130.50861,32.94052,43熊本県
（株）水俣アスコン,130.39313,32.21816,43熊本県
別府工業（有）,131.49602,33.32058,44大分県
日田アスコン共同企業体,130.9079,33.35313,44大分県
豊海アスコン共同企業体,131.26035,33.56212,44大分県
朝日工業（株）,131.16359,33.26057,44大分県
（株）友岡組,131.45724,33.0346,44大分県
（株）NIPPO　大分合材工場,131.6424,33.15011,44大分県
豊中建設（株）　日田合材工場,130.95139,33.2863,44大分県
前田道路（株）　大分合材工場,131.6577,33.14119,44大分県
鹿島道路（株）　大分合材製造所,131.605,33.25785,44大分県
（株）NIPPO・（株）杵築建設　大分第二合材工場,131.5649,33.42225,44大分県
九州アスコン（株）,131.25899,33.54156,44大分県
大淀開発（株）　大淀アスコン,131.11113,31.68963,45宮崎県
鹿島道路（株）　都城北諸共同プラント,131.12718,31.81549,45宮崎県
（株）ガイアート　宮崎合材工場　宮崎合材共同企業体,131.3653,31.99449,45宮崎県
共同企業体　日向アスコン,131.63083,32.40424,45宮崎県
南宮崎共同アスコン,131.26073,31.52579,45宮崎県
宮崎アスコン　日本道路（株）　宮崎合材工場,131.30812,31.96526,45宮崎県
宮崎中央舗材（株）　宮崎合材工場,131.44038,32.01889,45宮崎県
（株）はまゆうロード　日向合材共同プラント,131.62642,32.40467,45宮崎県
共同企業体　ひむか合材センター,131.44392,32.08913,45宮崎県
吉原建設（株）,131.0976,31.74839,45宮崎県
前田道路（株）　宮崎合材工場,131.36388,31.85834,45宮崎県
日新三井住建綜合プラント,131.69528,32.59572,45宮崎県
（株）ガイアテック　阿久根工場,130.21689,32.06029,46鹿児島県
（株）ガイアテック　川内アスコン工場,130.26167,31.85394,46鹿児島県
（株）ガイアテック　大隅工場,131.07631,31.45999,46鹿児島県
さつま中央合材センター,130.35371,31.38904,46鹿児島県
鹿児島空港アスコン,130.67757,31.77697,46鹿児島県
旭信（株）　本社工場,130.86546,31.37111,46鹿児島県
末吉産業（株）,131.02908,31.63611,46鹿児島県
倉岡建設（株）　鹿屋合材センター,130.87611,31.351,46鹿児島県
日置建設産業（株）,130.38483,31.61735,46鹿児島県
南大島アスファルト合材センター,129.37274,28.23817,46鹿児島県
（株）森建設,130.85919,31.57515,46鹿児島県
（株）森山（清）組,130.60216,30.40518,46鹿児島県
鹿児島基盤材センター（株）　米盛アスコン,130.52293,31.51167,46鹿児島県
鹿児島アスファルト合材センター,130.50238,31.68803,46鹿児島県
鹿島道路（株）　出水合材センター,130.27792,32.10157,46鹿児島県
（株）サンコー　岩川工場,130.99052,31.56029,46鹿児島県
（株）サンコー　末吉工場　＊海外転売＊,130.9903,31.68967,46鹿児島県
大林道路（株）・坂本建設（株）ＪＶ,130.48814,31.62911,46鹿児島県
（株）ガイアテック　国分工場,130.77512,31.70705,46鹿児島県
南九州アスコン工場,130.54576,31.5402,46鹿児島県
（株）東郷建設　北薩合材工場,130.47107,31.94046,46鹿児島県
沖縄道路（株）,127.89861,26.62473,47沖縄県
國和建設（株）　工場,127.77541,26.23178,47沖縄県
美ら島アスコン　（大成ロテック（株））,127.81058,26.37935,47沖縄県
（株）沖舗,127.82073,26.36861,47沖縄県
琉球開発（株）,127.80344,26.36169,47沖縄県
（株）七和　西原工場,127.7817,26.23015,47沖縄県
大成ロテック（株）　久米島営業所,126.79906,26.32296,47沖縄県
山形中央アスコン（株）,140.36568,38.32185,06山形県
三井住建道路（株）　福島合材工場,140.51633,37.69498,07福島県
